<server>
    <featureManager>
        <feature>jsp-2.2</feature>
        <feature>jdbc-4.0</feature>
    </featureManager>

<httpEndpoint id="defaultHttpEndpoint" host="*" httpPort="${tradelite.http.port}"> 
	
</httpEndpoint>

<executor name="LargeThreadPool" id="default" coreThreads="25" maxThreads="200" stealPolicy="LOCAL" rejectedWorkPolicy="CALLER_RUNS" />
<connectionManager id="conMgr1" connectionTimeout="20s" maxPoolSize="90" minPoolSize="90"/>

<jdbcDriver id="DB2JCC" libraryRef="DB2JCCLib"/> 
<library id="DB2JCCLib" filesetRef="DB2JCCFileset"/> 
<fileset id="DB2JCCFileset" dir="${shared.resource.dir}/db2/plinux" includes="db2jcc4.jar"/>

<dataSource jndiName="jdbc/TradeDataSource" jdbcDriverRef="DB2JCC" id="TradeDataSource" connectionManagerRef="conMgr1" statementCacheSize="60" isolationLevel="TRANSACTION_READ_COMMITTED"> 

	<properties serverName="172.30.126.41" portNumber="50000" databaseName="tradedb" driverType="4" user="db2inst1" password="teamsun" /> 

</dataSource>

<applicationMonitor dropinsEnabled="false" updateTrigger="mbean"/> 
<config updateTrigger="disabled"/>

</server>