<server description="new server">

    <!-- Enable features -->
    <featureManager>
        <feature>jsp-2.2</feature>
        <feature>localConnector-1.0</feature>
        <feature>jdbc-4.0</feature>
        <feature>json-1.0</feature>
    </featureManager>

    <httpEndpoint host="*" httpPort="9080" httpsPort="9443" id="defaultHttpEndpoint"/>



    <applicationMonitor updateTrigger="mbean"/>
    
    <jdbcDriver id="DerbyEmbedded" libraryRef="DerbyLib"/>
    <library filesetRef="DerbyFileset" id="DerbyLib"/>
    <fileset dir="${shared.resource.dir}/derby" id="DerbyFileset" includes="derby.jar"/>
    
    <dataSource id="jdbc/TradeDataSource" jdbcDriverRef="DerbyEmbedded" jndiName="jdbc/TradeDataSource">
      <properties createDatabase="create" databaseName="${shared.resource.dir}/data/tradedb"/>
    </dataSource>

   
</server>