<server description="new server">

    <!-- Enable features -->
    <featureManager>
        <feature>jsp-2.2</feature>
        <feature>localConnector-1.0</feature>
        <feature>jdbc-4.0</feature>
    </featureManager>

    <httpEndpoint host="localhost" httpPort="9080" httpsPort="9443" id="defaultHttpEndpoint"/>



    <applicationMonitor updateTrigger="mbean"/>
    
    
    <jdbcDriver id="MYSQLDRI" libraryRef="MYSQLDRILib"/> 
<library id="MYSQLDRILib" filesetRef="MYSQLDRIFileset"/> 
<fileset id="MYSQLDRIFileset" dir="C:\B_Software\mysql_driver" includes="mysql-connector-java-5.1.22-bin.jar"/>

<dataSource jndiName="jdbc/TradeDataSource" jdbcDriverRef="MYSQLDRI" id="TradeDataSource" > 

	<properties serverName="localhost" portNumber="3306" databaseName="tradedb" user="root" password="passw0rd" /> 

</dataSource>
    
    

  
</server>